{
    "name": "root",
    "gauges": {
        "Shootair.Policy.Entropy.mean": {
            "value": 1.7774814367294312,
            "min": 1.4822313785552979,
            "max": 3.52567720413208,
            "count": 31
        },
        "Shootair.Policy.Entropy.sum": {
            "value": 17781.923828125,
            "min": 8510.97265625,
            "max": 34054.515625,
            "count": 31
        },
        "Shootair.Environment.EpisodeLength.mean": {
            "value": 155.296875,
            "min": 7.984875444839858,
            "max": 244.74358974358975,
            "count": 31
        },
        "Shootair.Environment.EpisodeLength.sum": {
            "value": 9939.0,
            "min": 5710.0,
            "max": 11842.0,
            "count": 31
        },
        "Shootair.Step.mean": {
            "value": 439986.0,
            "min": 139874.0,
            "max": 439986.0,
            "count": 31
        },
        "Shootair.Step.sum": {
            "value": 439986.0,
            "min": 139874.0,
            "max": 439986.0,
            "count": 31
        },
        "Shootair.Policy.ExtrinsicValue.mean": {
            "value": 2.2359120845794678,
            "min": -1.9315402507781982,
            "max": 4.2456512451171875,
            "count": 31
        },
        "Shootair.Policy.ExtrinsicValue.sum": {
            "value": 181.10888671875,
            "min": -1481.8992919921875,
            "max": 420.3194885253906,
            "count": 31
        },
        "Shootair.Environment.CumulativeReward.mean": {
            "value": -0.8311964599697879,
            "min": -0.9974563187551668,
            "max": -0.6038709809495644,
            "count": 31
        },
        "Shootair.Environment.CumulativeReward.sum": {
            "value": -54.858966358006,
            "min": -1121.1409022808075,
            "max": -22.463641360402107,
            "count": 31
        },
        "Shootair.Policy.ExtrinsicReward.mean": {
            "value": -0.8311964599697879,
            "min": -0.9974563187551668,
            "max": -0.6038709809495644,
            "count": 31
        },
        "Shootair.Policy.ExtrinsicReward.sum": {
            "value": -54.858966358006,
            "min": -1121.1409022808075,
            "max": -22.463641360402107,
            "count": 31
        },
        "Shootair.IsTraining.mean": {
            "value": 1.0,
            "min": 1.0,
            "max": 1.0,
            "count": 31
        },
        "Shootair.IsTraining.sum": {
            "value": 1.0,
            "min": 1.0,
            "max": 1.0,
            "count": 31
        },
        "Shootair.Losses.PolicyLoss.mean": {
            "value": -27.750765426784454,
            "min": -47.98846573721508,
            "max": 19.894010012990204,
            "count": 30
        },
        "Shootair.Losses.PolicyLoss.sum": {
            "value": -70736.70107287358,
            "min": -128094.16755453477,
            "max": 54430.011395541194,
            "count": 30
        },
        "Shootair.Losses.ValueLoss.mean": {
            "value": 0.010580662169084248,
            "min": 0.010580662169084248,
            "max": 0.20366333673975007,
            "count": 30
        },
        "Shootair.Losses.ValueLoss.sum": {
            "value": 26.970107868995747,
            "min": 23.886557423727414,
            "max": 492.0506215632362,
            "count": 30
        },
        "Shootair.Losses.Q1Loss.mean": {
            "value": 0.024046859793364975,
            "min": 0.023968275809703166,
            "max": 0.6159716014760893,
            "count": 30
        },
        "Shootair.Losses.Q1Loss.sum": {
            "value": 61.29544561328732,
            "min": 50.95655437142893,
            "max": 1549.5186738452853,
            "count": 30
        },
        "Shootair.Losses.Q2Loss.mean": {
            "value": 0.023687786524077756,
            "min": 0.023687786524077756,
            "max": 0.6337938808104512,
            "count": 30
        },
        "Shootair.Losses.Q2Loss.sum": {
            "value": 60.3801678498742,
            "min": 51.45592558247829,
            "max": 1563.827295898203,
            "count": 30
        },
        "Shootair.Policy.DiscreteEntropyCoeff.mean": {
            "value": 0.31658417901649083,
            "min": 0.07110410426792382,
            "max": 0.3650676215640836,
            "count": 30
        },
        "Shootair.Policy.DiscreteEntropyCoeff.sum": {
            "value": 806.9730723130351,
            "min": 171.78751591130396,
            "max": 924.1618943132526,
            "count": 30
        },
        "Shootair.Policy.ContinuousEntropyCoeff.mean": {
            "value": 0.018585438900279045,
            "min": 0.0169527902725893,
            "max": 0.3655929827924922,
            "count": 30
        },
        "Shootair.Policy.ContinuousEntropyCoeff.sum": {
            "value": 47.37428375681129,
            "min": 40.20569359496966,
            "max": 512.2124902464366,
            "count": 30
        },
        "Shootair.Policy.LearningRate.mean": {
            "value": 0.0002999999999999999,
            "min": 0.0002999999999999999,
            "max": 0.00030000000000000003,
            "count": 30
        },
        "Shootair.Policy.LearningRate.sum": {
            "value": 0.7646999999999998,
            "min": 0.3477,
            "max": 0.8834999999999998,
            "count": 30
        }
    },
    "metadata": {
        "timer_format_version": "0.1.0",
        "start_time_seconds": "1711718275",
        "python_version": "3.10.12 | packaged by Anaconda, Inc. | (main, Jul  5 2023, 19:01:18) [MSC v.1916 64 bit (AMD64)]",
        "command_line_arguments": "D:\\anaconda3\\envs\\mlagents\\Scripts\\mlagents-learn configs/sac_small.yaml --run-id=sac_small_test --torch-device=cuda --resume",
        "mlagents_version": "1.0.0",
        "mlagents_envs_version": "1.0.0",
        "communication_protocol_version": "1.5.0",
        "pytorch_version": "2.1.1+cu121",
        "numpy_version": "1.23.3",
        "end_time_seconds": "1711729716"
    },
    "total": 11441.406533200003,
    "count": 1,
    "self": 0.00793679998605512,
    "children": {
        "run_training.setup": {
            "total": 0.10513360000913963,
            "count": 1,
            "self": 0.10513360000913963
        },
        "TrainerController.start_learning": {
            "total": 11441.293462800008,
            "count": 1,
            "self": 9.176250100761536,
            "children": {
                "TrainerController._reset_env": {
                    "total": 8.219185599999037,
                    "count": 1,
                    "self": 8.219185599999037
                },
                "TrainerController.advance": {
                    "total": 11423.430794399246,
                    "count": 311344,
                    "self": 3.760824698023498,
                    "children": {
                        "env_step": {
                            "total": 11419.669969701223,
                            "count": 311344,
                            "self": 4399.314614201634,
                            "children": {
                                "SubprocessEnvManager._take_step": {
                                    "total": 7015.481447895916,
                                    "count": 311344,
                                    "self": 23.54675969411619,
                                    "children": {
                                        "TorchPolicy.evaluate": {
                                            "total": 6991.9346882018,
                                            "count": 307637,
                                            "self": 6991.9346882018
                                        }
                                    }
                                },
                                "workers": {
                                    "total": 4.873907603672706,