{"count":1,"self":25.0296496,"total":225.9084699,"children":{"InitializeActuators":{"count":1,"self":0.0015084,"total":0.0015084,"children":null},"InitializeSensors":{"count":1,"self":0.0020063,"total":0.0020063,"children":null},"AgentSendState":{"count":64117,"self":2.1906195999999998,"total":2.8460471,"children":{"CollectObservations":{"count":12824,"self":0.2823816,"total":0.2823816,"children":null},"WriteActionMask":{"count":12824,"self":0.0095620999999999987,"total":0.0095620999999999987,"children":null},"RequestDecision":{"count":12824,"self":0.062265499999999994,"total":0.36348389999999997,"children":{"AgentInfo.ToProto":{"count":12824,"self":0.063299899999999992,"total":0.3012184,"children":{"GenerateSensorData":{"count":12824,"self":0.19137469999999998,"total":0.23791849999999998,"children":{"RayPerceptionSensor.Perceive":{"count":12824,"self":0.046543799999999996,"total":0.046543799999999996,"children":null}}}}}}}}},"DecideAction":{"count":64117,"self":196.555264,"total":196.55526659999998,"children":null},"AgentAct":{"count":64117,"self":1.4666324,"total":1.4666324,"children":null},"AgentInfo.ToProto":{"count":157,"self":0,"total":0.0063539999999999994,"children":{"GenerateSensorData":{"count":157,"self":0.0020058,"total":0.0063539999999999994,"children":{"RayPerceptionSensor.Perceive":{"count":157,"self":0.0043482,"total":0.0043482,"children":null}}}}}},"gauges":{"Shootair.CumulativeReward":{"count":157,"max":-0.8935499,"min":-1.80556822,"runningAverage":-0.9257561,"value":-0.904139936,"weightedAverage":-0.9147005}},"metadata":{"timer_format_version":"0.1.0","start_time_seconds":"1711818687","unity_version":"2022.3.19f1","command_line_arguments":"D:\\Unity\\UnityEditor\\2022.3.19f1\\Editor\\Unity.exe -projectpath D:\\Coding\\unity\\shootair -useHub -hubIPC -cloudEnvironment production","communication_protocol_version":"1.5.0","com.unity.ml-agents_version":"3.0.0-exp.1","scene_name":"SampleScene","end_time_seconds":"1711818912"}}