{"count":1,"self":49.6832512,"total":49.799479399999996,"children":{"InitializeActuators":{"count":1,"self":0.0015050999999999999,"total":0.0015050999999999999,"children":null},"InitializeSensors":{"count":1,"self":0.0025058999999999997,"total":0.0025058999999999997,"children":null},"AgentSendState":{"count":2231,"self":0.0445194,"total":0.051531799999999996,"children":{"CollectObservations":{"count":224,"self":0.0034942999999999997,"total":0.0034942999999999997,"children":null},"WriteActionMask":{"count":224,"self":0,"total":0,"children":null},"RequestDecision":{"count":224,"self":0.0025096999999999997,"total":0.0035180999999999997,"children":{"RayPerceptionSensor.Perceive":{"count":224,"self":0.0010084,"total":0.0010084,"children":null}}}}},"DecideAction":{"count":2231,"self":0.0138692,"total":0.0138692,"children":null},"AgentAct":{"count":2231,"self":0.046814999999999996,"total":0.046814999999999996,"children":null},"RayPerceptionSensor.Perceive":{"count":8,"self":0,"total":0,"children":null}},"gauges":{"Shootair.CumulativeReward":{"count":8,"max":-0.5098,"min":-0.5626005,"runningAverage":-0.526412547,"value":-0.5626005,"weightedAverage":-0.533336163}},"metadata":{"timer_format_version":"0.1.0","start_time_seconds":"1711629684","unity_version":"2022.3.19f1","command_line_arguments":"D:\\Unity\\UnityEditor\\2022.3.19f1\\Editor\\Unity.exe -projectpath D:\\Coding\\unity\\shootair -useHub -hubIPC -cloudEnvironment production","communication_protocol_version":"1.5.0","com.unity.ml-agents_version":"3.0.0-exp.1","scene_name":"SampleScene","end_time_seconds":"1711629734"}}