{"count":1,"self":1186.1696511999999,"total":11437.059692499999,"children":{"InitializeActuators":{"count":1,"self":0.0025123999999999997,"total":0.0025123999999999997,"children":null},"InitializeSensors":{"count":1,"self":0.0035110999999999996,"total":0.0035110999999999996,"children":null},"AgentSendState":{"count":3076384,"self":58.3451136,"total":80.7921248,"children":{"CollectObservations":{"count":307639,"self":6.2941047999999995,"total":6.2941049,"children":null},"WriteActionMask":{"count":307639,"self":0.2664066,"total":0.2664066,"children":null},"RequestDecision":{"count":307639,"self":1.3269971999999999,"total":15.886500999999999,"children":{"AgentInfo.ToProto":{"count":307639,"self":1.3228438,"total":14.5595038,"children":{"GenerateSensorData":{"count":307639,"self":11.698119199999999,"total":13.236659999999999,"children":{"RayPerceptionSensor.Perceive":{"count":307639,"self":1.5385408999999999,"total":1.5385408999999999,"children":null}}}}}}}}},"DecideAction":{"count":3076384,"self":10116.046848,"total":10116.046575,"children":null},"AgentAct":{"count":3076384,"self":53.8661824,"total":53.8661852,"children":null},"AgentInfo.ToProto":{"count":3816,"self":0.0230796,"total":0.1781574,"children":{"GenerateSensorData":{"count":3816,"self":0.14044489999999998,"total":0.1550778,"children":{"RayPerceptionSensor.Perceive":{"count":3816,"self":0.014632899999999999,"total":0.014632899999999999,"children":null}}}}}},"gauges":{"Shootair.CumulativeReward":{"count":3816,"max":1,"min":-1.998651,"runningAverage":-0.922070742,"value":-1.99484336,"weightedAverage":-1.21523583}},"metadata":{"timer_format_version":"0.1.0","start_time_seconds":"1711718282","unity_version":"2022.3.19f1","command_line_arguments":"D:\\Unity\\UnityEditor\\2022.3.19f1\\Editor\\Unity.exe -projectpath D:\\Coding\\unity\\shootair -useHub -hubIPC -cloudEnvironment production","communication_protocol_version":"1.5.0","com.unity.ml-agents_version":"3.0.0-exp.1","scene_name":"SampleScene","end_time_seconds":"1711729719"}}