{"count":1,"self":48.969347199999994,"total":49.108679099999996,"children":{"InitializeActuators":{"count":1,"self":0.0010720999999999999,"total":0.0010720999999999999,"children":null},"InitializeSensors":{"count":1,"self":0.0015118999999999998,"total":0.0046216999999999994,"children":{"CreateObservableSensors":{"count":1,"self":0.0031098,"total":0.0031098,"children":null}}},"AgentSendState":{"count":2182,"self":0.0453863,"total":0.0664493,"children":{"CollectObservations":{"count":437,"self":0.0135483,"total":0.0135483,"children":null},"WriteActionMask":{"count":437,"self":0.0010000999999999999,"total":0.0010000999999999999,"children":null},"RequestDecision":{"count":437,"self":0.0055179999999999995,"total":0.0065146,"children":{"RayPerceptionSensor.Perceive":{"count":437,"self":0.0009966,"total":0.0009966,"children":null}}}}},"DecideAction":{"count":2182,"self":0.0147424,"total":0.0147424,"children":null},"AgentAct":{"count":2182,"self":0.051414999999999995,"total":0.051414999999999995,"children":null},"RayPerceptionSensor.Perceive":{"count":2,"self":0,"total":0,"children":null}},"gauges":{"Shootair.CumulativeReward":{"count":2,"max":-0.901299953,"min":-0.90812,"runningAverage":-0.904709935,"value":-0.90812,"weightedAverage":-0.903004944}},"metadata":{"timer_format_version":"0.1.0","start_time_seconds":"1712251586","unity_version":"2022.3.19f1","command_line_arguments":"D:\\Unity\\UnityEditor\\2022.3.19f1\\Editor\\Unity.exe -projectpath D:\\Coding\\unity\\shootair -useHub -hubIPC -cloudEnvironment production","communication_protocol_version":"1.5.0","com.unity.ml-agents_version":"3.0.0-exp.1","scene_name":"SampleScene","end_time_seconds":"1712251635"}}