{"count":1,"self":20.5042464,"total":20.544591,"children":{"InitializeActuators":{"count":1,"self":0.001442,"total":0.001442,"children":null},"InitializeSensors":{"count":1,"self":0.0027199999999999998,"total":0.0027199999999999998,"children":null},"AgentSendState":{"count":973,"self":0.013628999999999999,"total":0.017377,"children":{"CollectObservations":{"count":98,"self":0.00090299999999999994,"total":0.00090299999999999994,"children":null},"WriteActionMask":{"count":98,"self":0.00027299999999999997,"total":0.00027299999999999997,"children":null},"RequestDecision":{"count":98,"self":0.001932,"total":0.002572,"children":{"RayPerceptionSensor.Perceive":{"count":98,"self":0.00063999999999999994,"total":0.00063999999999999994,"children":null}}}}},"DecideAction":{"count":973,"self":0.0036929999999999997,"total":0.0036929999999999997,"children":null},"AgentAct":{"count":973,"self":0.014400999999999999,"total":0.014400999999999999,"children":null}},"gauges":{},"metadata":{"timer_format_version":"0.1.0","start_time_seconds":"1708697597","unity_version":"2022.3.19f1","command_line_arguments":"\/home\/nico\/Unity\/Hub\/Editor\/2022.3.19f1\/Editor\/Unity -projectpath \/home\/Coding\/unity\/shootair -useHub -hubIPC -cloudEnvironment production","communication_protocol_version":"1.5.0","com.unity.ml-agents_version":"3.0.0-exp.1","scene_name":"SampleScene","end_time_seconds":"1708697617"}}