{"count":1,"self":950.6917376,"total":973.89300459999993,"children":{"InitializeActuators":{"count":1,"self":0.002535,"total":0.002535,"children":null},"InitializeSensors":{"count":1,"self":0.0020189,"total":0.0065363999999999995,"children":{"CreateObservableSensors":{"count":1,"self":0.0045175,"total":0.0045175,"children":null}}},"AgentSendState":{"count":48429,"self":1.0084518999999998,"total":1.3562239999999999,"children":{"CollectObservations":{"count":9686,"self":0.270503,"total":0.270503,"children":null},"WriteActionMask":{"count":9686,"self":0.025944099999999998,"total":0.025944099999999998,"children":null},"RequestDecision":{"count":9686,"self":0.051324999999999996,"total":0.051324999999999996,"children":null}}},"DecideAction":{"count":48429,"self":16.3474208,"total":16.461992,"children":{"RayPerceptionSensor.Perceive":{"count":9686,"self":0.1145706,"total":0.1145706,"children":null}}},"AgentAct":{"count":48429,"self":1.4272855,"total":1.4272855,"children":null},"CreateObservableSensors":{"count":27411,"self":3.9466835999999996,"total":3.9466835999999996,"children":null}},"gauges":{"Shootair.CumulativeReward":{"count":64,"max":-0.0891875252,"min":-0.939070165,"runningAverage":-0.892392,"value":-0.905999959,"weightedAverage":-0.9046909}},"metadata":{"timer_format_version":"0.1.0","start_time_seconds":"1712163443","unity_version":"2022.3.19f1","command_line_arguments":"D:\\Unity\\UnityEditor\\2022.3.19f1\\Editor\\Unity.exe -projectpath D:\\Coding\\unity\\shootair -useHub -hubIPC -cloudEnvironment production","communication_protocol_version":"1.5.0","com.unity.ml-agents_version":"3.0.0-exp.1","scene_name":"SampleScene","end_time_seconds":"1712164417"}}