{"count":1,"self":110.69342719999999,"total":4472.9034332,"children":{"InitializeActuators":{"count":1,"self":0.0010075,"total":0.0010075,"children":null},"InitializeSensors":{"count":1,"self":0.0020071999999999998,"total":0.0020071999999999998,"children":null},"AgentSendState":{"count":285951,"self":9.2401448,"total":11.9234466,"children":{"CollectObservations":{"count":57191,"self":1.0743234,"total":1.0743234,"children":null},"WriteActionMask":{"count":57191,"self":0.039538699999999996,"total":0.039538699999999996,"children":null},"RequestDecision":{"count":57191,"self":0.2620955,"total":1.5694397999999998,"children":{"AgentInfo.ToProto":{"count":57191,"self":0.22466339999999999,"total":1.3073443,"children":{"GenerateSensorData":{"count":57191,"self":0.87883689999999992,"total":1.0826809,"children":{"RayPerceptionSensor.Perceive":{"count":57191,"self":0.203844,"total":0.203844,"children":null}}}}}}}}},"DecideAction":{"count":285951,"self":4343.8596096,"total":4343.8596941999995,"children":null},"AgentAct":{"count":285951,"self":6.4173404,"total":6.4173404,"children":null},"AgentInfo.ToProto":{"count":503,"self":0.0010086,"total":0.0065138999999999996,"children":{"GenerateSensorData":{"count":503,"self":0.0055052999999999994,"total":0.0055052999999999994,"children":{"RayPerceptionSensor.Perceive":{"count":503,"self":0,"total":0,"children":null}}}}}},"gauges":{"Shootair.CumulativeReward":{"count":503,"max":-0.7130444,"min":-1.81317377,"runningAverage":-0.9285546,"value":-0.9056399,"weightedAverage":-0.9404051}},"metadata":{"timer_format_version":"0.1.0","start_time_seconds":"1711813552","unity_version":"2022.3.19f1","command_line_arguments":"D:\\Unity\\UnityEditor\\2022.3.19f1\\Editor\\Unity.exe -projectpath D:\\Coding\\unity\\shootair -useHub -hubIPC -cloudEnvironment production","communication_protocol_version":"1.5.0","com.unity.ml-agents_version":"3.0.0-exp.1","scene_name":"SampleScene","end_time_seconds":"1711818025"}}