{"count":1,"self":6.9740079999999995,"total":20.787395699999998,"children":{"InitializeActuators":{"count":1,"self":0.0019966,"total":0.0019966,"children":null},"InitializeSensors":{"count":1,"self":0.0035142999999999997,"total":0.0035142999999999997,"children":null},"AgentSendState":{"count":11901,"self":0.1216935,"total":0.1952679,"children":{"CollectObservations":{"count":1191,"self":0.0025177999999999997,"total":0.0025177999999999997,"children":null},"WriteActionMask":{"count":1191,"self":0.0010008,"total":0.0010008,"children":null},"RequestDecision":{"count":1191,"self":0.0183503,"total":0.0700558,"children":{"AgentInfo.ToProto":{"count":1191,"self":0.0050574999999999995,"total":0.051705499999999995,"children":{"GenerateSensorData":{"count":1191,"self":0.041086899999999996,"total":0.046647999999999995,"children":{"RayPerceptionSensor.Perceive":{"count":1191,"self":0.0055610999999999994,"total":0.0055610999999999994,"children":null}}}}}}}}},"DecideAction":{"count":11901,"self":13.526214399999999,"total":13.5262136,"children":null},"AgentAct":{"count":11901,"self":0.0798736,"total":0.0798736,"children":null},"AgentInfo.ToProto":{"count":199,"self":0.0010003,"total":0.0065220999999999994,"children":{"GenerateSensorData":{"count":199,"self":0.0035106,"total":0.0055217999999999995,"children":{"RayPerceptionSensor.Perceive":{"count":199,"self":0.0020112,"total":0.0020112,"children":null}}}}}},"gauges":{"Shootair.CumulativeReward":{"count":199,"max":0,"min":-0.5,"runningAverage":-0.0175879337,"value":0,"weightedAverage":-5.13727028E-25}},"metadata":{"timer_format_version":"0.1.0","start_time_seconds":"1711224560","unity_version":"2022.3.19f1","command_line_arguments":"D:\\Unity\\UnityEditor\\2022.3.19f1\\Editor\\Unity.exe -projectpath D:\\Coding\\unity\\shootair -useHub -hubIPC -cloudEnvironment production","communication_protocol_version":"1.5.0","com.unity.ml-agents_version":"3.0.0-exp.1","scene_name":"SampleScene","end_time_seconds":"1711224581"}}