{"count":1,"self":1438.5850368,"total":13962.3336613,"children":{"InitializeActuators":{"count":1,"self":0.00099819999999999987,"total":0.00099819999999999987,"children":null},"InitializeSensors":{"count":1,"self":0.0019990999999999997,"total":0.0019990999999999997,"children":null},"AgentSendState":{"count":4452667,"self":54.2819392,"total":92.9361156,"children":{"CollectObservations":{"count":890534,"self":17.3288224,"total":17.328823099999997,"children":null},"WriteActionMask":{"count":890534,"self":0.70884969999999992,"total":0.70884969999999992,"children":null},"RequestDecision":{"count":890534,"self":3.4997827999999997,"total":20.6165055,"children":{"AgentInfo.ToProto":{"count":890534,"self":3.6172852,"total":17.116722799999998,"children":{"GenerateSensorData":{"count":890534,"self":12.049153599999999,"total":13.499437499999999,"children":{"RayPerceptionSensor.Perceive":{"count":890534,"self":1.4502841,"total":1.4502841,"children":null}}}}}}}}},"DecideAction":{"count":4452667,"self":12343.283711999999,"total":12343.283930599999,"children":null},"AgentAct":{"count":4452667,"self":87.4281536,"total":87.4281517,"children":null},"AgentInfo.ToProto":{"count":4299,"self":0.020088699999999998,"total":0.0963902,"children":{"GenerateSensorData":{"count":4299,"self":0.0702681,"total":0.0763015,"children":{"RayPerceptionSensor.Perceive":{"count":4299,"self":0.0060333999999999995,"total":0.0060333999999999995,"children":null}}}}}},"gauges":{"Shootair.CumulativeReward":{"count":4299,"max":-0.116017036,"min":-1.83919239,"runningAverage":-0.92045,"value":-0.904109955,"weightedAverage":-0.9096872}},"metadata":{"timer_format_version":"0.1.0","start_time_seconds":"1711874176","unity_version":"2022.3.19f1","command_line_arguments":"D:\\Unity\\UnityEditor\\2022.3.19f1\\Editor\\Unity.exe -projectpath D:\\Coding\\unity\\shootair -useHub -hubIPC -cloudEnvironment production","communication_protocol_version":"1.5.0","com.unity.ml-agents_version":"3.0.0-exp.1","scene_name":"SampleScene","end_time_seconds":"1711888138"}}