{"count":1,"self":157.32017919999998,"total":160.20609199999998,"children":{"InitializeActuators":{"count":1,"self":0.0010789999999999999,"total":0.0010789999999999999,"children":null},"InitializeSensors":{"count":1,"self":0.002056,"total":0.0043739999999999994,"children":{"CreateObservableSensors":{"count":1,"self":0.0023179999999999997,"total":0.0023179999999999997,"children":null}}},"CreateObservableSensors":{"count":1527,"self":0.239622,"total":0.239622,"children":null},"AgentSendState":{"count":7931,"self":0.164904,"total":0.22267199999999998,"children":{"CollectObservations":{"count":1587,"self":0.038009999999999995,"total":0.038009999999999995,"children":null},"WriteActionMask":{"count":1587,"self":0.0038559999999999996,"total":0.0038559999999999996,"children":null},"RequestDecision":{"count":1587,"self":0.015902,"total":0.015902,"children":null}}},"DecideAction":{"count":7931,"self":2.24037,"total":2.252906,"children":{"RayPerceptionSensor.Perceive":{"count":1587,"self":0.012536,"total":0.012536,"children":null}}},"AgentAct":{"count":7931,"self":0.164856,"total":0.164856,"children":null}},"gauges":{"Shootair.CumulativeReward":{"count":23,"max":-0.8985883,"min":-0.9000292,"runningAverage":-0.8999328,"value":-0.900002,"weightedAverage":-0.899995565}},"metadata":{"timer_format_version":"0.1.0","start_time_seconds":"1716449357","unity_version":"2022.3.19f1","command_line_arguments":"\/home\/nico\/Unity\/Hub\/Editor\/2022.3.19f1\/Editor\/Unity -projectpath \/home\/Coding\/unity\/shootair -useHub -hubIPC -cloudEnvironment production","communication_protocol_version":"1.5.0","com.unity.ml-agents_version":"3.0.0-exp.1","scene_name":"SampleScene","end_time_seconds":"1716449517"}}