{"count":1,"self":48.5600512,"total":48.658474,"children":{"InitializeActuators":{"count":1,"self":0.0009999,"total":0.0009999,"children":null},"InitializeSensors":{"count":1,"self":0.0020049,"total":0.0063346999999999995,"children":{"CreateObservableSensors":{"count":1,"self":0.0043298,"total":0.0043298,"children":null}}},"AgentSendState":{"count":2168,"self":0.0514487,"total":0.0724962,"children":{"CollectObservations":{"count":434,"self":0.012021599999999999,"total":0.012021599999999999,"children":null},"WriteActionMask":{"count":434,"self":0.0020009999999999997,"total":0.0020009999999999997,"children":null},"RequestDecision":{"count":434,"self":0.0050177,"total":0.0070249,"children":{"RayPerceptionSensor.Perceive":{"count":434,"self":0.0020071999999999998,"total":0.0020071999999999998,"children":null}}}}},"DecideAction":{"count":2168,"self":0.011986199999999999,"total":0.011986199999999999,"children":null},"AgentAct":{"count":2168,"self":0.0056083999999999995,"total":0.0056083999999999995,"children":null},"RayPerceptionSensor.Perceive":{"count":1,"self":0,"total":0,"children":null}},"gauges":{"Shootair.CumulativeReward":{"count":1,"max":0.46771422,"min":0.46771422,"runningAverage":0.46771422,"value":0.46771422,"weightedAverage":0.46771422}},"metadata":{"timer_format_version":"0.1.0","start_time_seconds":"1712331304","unity_version":"2022.3.19f1","command_line_arguments":"D:\\Unity\\UnityEditor\\2022.3.19f1\\Editor\\Unity.exe -projectpath D:\\Coding\\unity\\shootair -useHub -hubIPC -cloudEnvironment production","communication_protocol_version":"1.5.0","com.unity.ml-agents_version":"3.0.0-exp.1","scene_name":"SampleScene","end_time_seconds":"1712331353"}}