{"count":1,"self":119.1192064,"total":312.09826499999997,"children":{"InitializeActuators":{"count":1,"self":0.001064,"total":0.001064,"children":null},"InitializeSensors":{"count":1,"self":0.0028469999999999997,"total":0.00515,"children":{"CreateObservableSensors":{"count":1,"self":0.002303,"total":0.002303,"children":null}}},"CreateObservableSensors":{"count":1975,"self":0.307836,"total":0.307836,"children":null},"AgentSendState":{"count":141001,"self":8.1653127999999988,"total":8.977502,"children":{"CollectObservations":{"count":14101,"self":0.29203599999999996,"total":0.29203599999999996,"children":null},"WriteActionMask":{"count":14101,"self":0.023278,"total":0.023278,"children":null},"RequestDecision":{"count":14101,"self":0.053824,"total":0.49687499999999996,"children":{"AgentInfo.ToProto":{"count":14101,"self":0.057282,"total":0.443051,"children":{"GenerateSensorData":{"count":14101,"self":0.336976,"total":0.385769,"children":{"RayPerceptionSensor.Perceive":{"count":14101,"self":0.048792999999999996,"total":0.048792999999999996,"children":null}}}}}}}}},"DecideAction":{"count":141001,"self":181.7956096,"total":181.79561099999998,"children":null},"AgentAct":{"count":141001,"self":1.8804779999999999,"total":1.8804779999999999,"children":null},"AgentInfo.ToProto":{"count":340,"self":0.001981,"total":0.011023999999999999,"children":{"GenerateSensorData":{"count":340,"self":0.00785,"total":0.009042999999999999,"children":{"RayPerceptionSensor.Perceive":{"count":340,"self":0.001193,"total":0.001193,"children":null}}}}}},"gauges":{"Shootair.CumulativeReward":{"count":340,"max":-0.896699965,"min":-2.70210028,"runningAverage":-0.9317698,"value":-0.9033,"weightedAverage":-0.9081872}},"metadata":{"timer_format_version":"0.1.0","start_time_seconds":"1717240811","unity_version":"2022.3.19f1","command_line_arguments":"\/home\/nico\/Unity\/Hub\/Editor\/2022.3.19f1\/Editor\/Unity -projectpath \/home\/Coding\/unity\/shootair -useHub -hubIPC -cloudEnvironment production","communication_protocol_version":"1.5.0","com.unity.ml-agents_version":"3.0.0-exp.1","scene_name":"SampleScene","end_time_seconds":"1717241123"}}