{
    "name": "root",
    "metadata": {
        "timer_format_version": "0.1.0",
        "start_time_seconds": "1711837010",
        "python_version": "3.10.12 | packaged by Anaconda, Inc. | (main, Jul  5 2023, 19:01:18) [MSC v.1916 64 bit (AMD64)]",
        "command_line_arguments": "D:\\anaconda3\\envs\\mlagents\\Scripts\\mlagents-learn configs/ppo_large.yaml --run-id=ppo_large_test --torch-device=cuda",
        "mlagents_version": "1.0.0",
        "mlagents_envs_version": "1.0.0",
        "communication_protocol_version": "1.5.0",
        "pytorch_version": "2.1.1+cu121",
        "numpy_version": "1.23.3",
        "end_time_seconds": "1711837030"
    },
    "total": 20.15218389997608,
    "count": 1,
    "self": 0.010533699969528243,
    "children": {
        "run_training.setup": {
            "total": 0.09936319998814724,
            "count": 1,
            "self": 0.09936319998814724
        },
        "TrainerController.start_learning": {
            "total": 20.042287000018405,
            "count": 1,
            "self": 0.021906099776970223,
            "children": {
                "TrainerController._reset_env": {
                    "total": 9.18679819998215,
                    "count": 1,
                    "self": 9.18679819998215
                },
                "TrainerController.advance": {
                    "total": 10.425432000251021,
                    "count": 469,
                    "self": 0.005645100580295548,
                    "children": {
                        "env_step": {
                            "total": 10.419786899670726,
                            "count": 469,
                            "self": 4.585658399068052,
                            "children": {
                                "SubprocessEnvManager._take_step": {
                                    "total": 5.828491400723578,
                                    "count": 469,
                                    "self": 0.032202100672293454,
                                    "children": {
                                        "TorchPolicy.evaluate": {
                                            "total": 5.796289300051285,
                                            "count": 463,
                                            "self": 5.796289300051285
                                        }
                                    }
                                },
                                "workers": {
                                    "total": 0.005637099879095331,
                                    "count": 468,
                                    "self": 0.0,
                                    "children": {
                                        "worker_root": {
                                            "total": 11.223096600006102,
                                            "count": 468,
                                            "is_parallel": true,
                                            "self": 7.103441800078144,
                                            "children": {
                                                "steps_from_proto": {
                                                    "total": 0.0004488999838940799,
                                                    "count": 1,
                                                    "is_parallel": true,
                                                    "self": 0.00022280003759078681,
                                                    "children": {
                                                        "_process_rank_one_or_two_observation": {
                                                            "total": 0.0002260999463032931,
                                                            "count": 6,
                                                            "is_parallel": true,
                                                            "self": 0.0002260999463032931
                                                        }
                                                    }
                                                },
                                                "UnityEnvironment.step": {
                                                    "total": 4.119205899944063,
                                                    "count": 468,
                                                    "is_parallel": true,
                                                    "self": 0.03755809925496578,
                                                    "children": {
                                                        "UnityEnvironment._generate_step_input": {
                                                            "total": 0.037710900098318234,
                                                            "count": 468,
                                                            "is_parallel": true,
                                                            "self": 0.037710900098318234
                                                        },
                                                        "communicator.exchange": {
                                                            "total": 3.897504700173158,
                                                            "count": 468,
                                                            "is_parallel": true,
                                                            "self": 3.897504700173158
                                                        },
                                                        "steps_from_proto": {
                                                            "total": 0.14643220041762106,
                                                            "count": 468,
                                                            "is_parallel": true,
                                                            "self": 0.07367150005302392,
                                                            "children": {
                                                                "_process_rank_one_or_two_observation": {
                                                                    "total": 0.07276070036459714,
                                                                    "count": 2808,
                                                                    "is_parallel": true,
                                                                    "self": 0.07276070036459714
                                                                }
                                                            }
                                                        }
                                                    }
                                                }
                                            }
                                        }
                                    }
                                }
                            }
                        }
                    }
                },
                "trainer_threads": {
                    "total": 3.610001294873655e-05,
                    "count": 1,
                    "self": 3.610001294873655e-05,
                    "children": {
                        "thread_root": {
                            "total": 0.0,
                            "count": 0,
                            "is_parallel": true,
                            "self": 0.0,
                            "children": {
                                "trainer_advance": {
                                    "total": 10.433724800386699,
                                    "count": 663,
                                    "is_parallel": true,
                                    "self": 0.03993520082440227,
                                    "children": {
                                        "process_trajectory": {
                                            "total": 10.393789599562297,
                                            "count": 663,