{
    "name": "root",
    "gauges": {
        "Shootair.Policy.Entropy.mean": {
            "value": 4.092233657836914,
            "min": 4.090193271636963,
            "max": 4.1587677001953125,
            "count": 19
        },
        "Shootair.Policy.Entropy.sum": {
            "value": 40877.3203125,
            "min": 40795.5859375,
            "max": 41641.7109375,
            "count": 19
        },
        "Shootair.Environment.EpisodeLength.mean": {
            "value": 55.75568181818182,
            "min": 35.94833948339483,
            "max": 58.724550898203596,
            "count": 19
        },
        "Shootair.Environment.EpisodeLength.sum": {
            "value": 9813.0,
            "min": 9723.0,
            "max": 9849.0,
            "count": 19
        },
        "Shootair.Step.mean": {
            "value": 189989.0,
            "min": 9986.0,
            "max": 189989.0,
            "count": 19
        },
        "Shootair.Step.sum": {
            "value": 189989.0,
            "min": 9986.0,
            "max": 189989.0,
            "count": 19
        },
        "Shootair.Policy.ExtrinsicValueEstimate.mean": {
            "value": -0.5313829779624939,
            "min": -0.5313829779624939,
            "max": 0.24541136622428894,
            "count": 19
        },
        "Shootair.Policy.ExtrinsicValueEstimate.sum": {
            "value": -93.52340698242188,
            "min": -96.72222900390625,
            "max": 66.26107025146484,
            "count": 19
        },
        "Shootair.Policy.CuriosityValueEstimate.mean": {
            "value": 0.06368834525346756,
            "min": -0.010651572607457638,
            "max": 0.06615212559700012,
            "count": 19
        },
        "Shootair.Policy.CuriosityValueEstimate.sum": {
            "value": 11.209148406982422,
            "min": -2.875924587249756,
            "max": 12.192627906799316,
            "count": 19
        },
        "Shootair.Environment.CumulativeReward.mean": {
            "value": -0.7020908970047127,
            "min": -0.702471219294564,
            "max": -0.7012111021412744,
            "count": 19
        },
        "Shootair.Environment.CumulativeReward.sum": {
            "value": -123.56799787282944,
            "min": -189.32699757814407,
            "max": -117.24979865550995,
            "count": 19
        },
        "Shootair.Policy.ExtrinsicReward.mean": {
            "value": -0.7020908970047127,
            "min": -0.702471219294564,
            "max": -0.7012111021412744,
            "count": 19
        },
        "Shootair.Policy.ExtrinsicReward.sum": {
            "value": -123.56799787282944,
            "min": -189.32699757814407,
            "max": -117.24979865550995,
            "count": 19
        },
        "Shootair.Policy.CuriosityReward.mean": {
            "value": 0.09870060814798555,
            "min": 0.0,
            "max": 0.16644749098845077,
            "count": 19
        },
        "Shootair.Policy.CuriosityReward.sum": {
            "value": 17.371307034045458,
            "min": 0.0,
            "max": 34.78752561658621,
            "count": 19
        },
        "Shootair.IsTraining.mean": {
            "value": 1.0,
            "min": 1.0,
            "max": 1.0,
            "count": 19
        },
        "Shootair.IsTraining.sum": {
            "value": 1.0,
            "min": 1.0,
            "max": 1.0,
            "count": 19
        },
        "Shootair.Losses.PolicyLoss.mean": {
            "value": 0.03622021895542275,
            "min": 0.030938619771313826,
            "max": 0.03647442860470619,
            "count": 9
        },
        "Shootair.Losses.PolicyLoss.sum": {
            "value": 0.03622021895542275,
            "min": 0.030938619771313826,
            "max": 0.03647442860470619,
            "count": 9
        },
        "Shootair.Losses.ValueLoss.mean": {
            "value": 0.0006068539782427252,
            "min": 0.0006068539782427252,
            "max": 0.009744205307215452,
            "count": 9
        },
        "Shootair.Losses.ValueLoss.sum": {
            "value": 0.0006068539782427252,
            "min": 0.0006068539782427252,
            "max": 0.009744205307215452,
            "count": 9
        },
        "Shootair.Policy.LearningRate.mean": {
            "value": 0.0003,
            "min": 0.0003,
            "max": 0.0003,
            "count": 9
        },
        "Shootair.Policy.LearningRate.sum": {
            "value": 0.0003,
            "min": 0.0003,
            "max": 0.0003,
            "count": 9
        },
        "Shootair.Policy.Epsilon.mean": {
            "value": 0.2,
            "min": 0.2,
            "max": 0.2,
            "count": 9
        },
        "Shootair.Policy.Epsilon.sum": {
            "value": 0.2,
            "min": 0.2,
            "max": 0.2,
            "count": 9
        },
        "Shootair.Policy.Beta.mean": {
            "value": 0.1,
            "min": 0.1,
            "max": 0.1,
            "count": 9
        },
        "Shootair.Policy.Beta.sum": {
            "value": 0.1,
            "min": 0.1,
            "max": 0.1,
            "count": 9
        },
        "Shootair.Losses.CuriosityForwardLoss.mean": {
            "value": 0.1718448057770729,
            "min": 0.1718448057770729,
            "max": 0.41937278360128405,
            "count": 9
        },
        "Shootair.Losses.CuriosityForwardLoss.sum": {
            "value": 0.1718448057770729,
            "min": 0.1718448057770729,
            "max": 0.41937278360128405,
            "count": 9
        },
        "Shootair.Losses.CuriosityInverseLoss.mean": {
            "value": 2.16181200504303,
            "min": 2.16181200504303,
            "max": 3.48880828499794,
            "count": 9
        },
        "Shootair.Losses.CuriosityInverseLoss.sum": {
            "value": 2.16181200504303,
            "min": 2.16181200504303,
            "max": 3.48880828499794,
            "count": 9
        }
    },
    "metadata": {
        "timer_format_version": "0.1.0",
        "start_time_seconds": "1711742499",
        "python_version": "3.10.12 | packaged by Anaconda, Inc. | (main, Jul  5 2023, 19:01:18) [MSC v.1916 64 bit (AMD64)]",
        "command_line_arguments": "D:\\anaconda3\\envs\\mlagents\\Scripts\\mlagents-learn configs/ppo_large.yaml --run-id=ppo_large_test --torch-device=cuda",
        "mlagents_version": "1.0.0",
        "mlagents_envs_version": "1.0.0",
        "communication_protocol_version": "1.5.0",
        "pytorch_version": "2.1.1+cu121",
        "numpy_version": "1.23.3",
        "end_time_seconds": "1711746574"
    },
    "total": 4075.30332169999,
    "count": 1,
    "self": 0.008123599996906705,
    "children": {
        "run_training.setup": {
            "total": 0.12648900000203867,
            "count": 1,
            "self": 0.12648900000203867
        },
        "TrainerController.start_learning": {
            "total": 4075.1687090999912,
            "count": 1,
            "self": 4.803940699697705,
            "children": {
                "TrainerController._reset_env": {
                    "total": 9.789979699999094,
                    "count": 1,
                    "self": 9.789979699999094
                },
                "TrainerController.advance": {
                    "total": 4060.179508800298,
                    "count": 197754,
                    "self": 2.185736004219507,
                    "children": {
                        "env_step": {
                            "total": 4057.9937727960787,
                            "count": 197754,
                            "self": 1741.6024257988465,
                            "children": {
                                "SubprocessEnvManager._take_step": {
                                    "total": 2313.8701585978415,
                                    "count": 197754,
                                    "self": 12.112659095510026,