{
    "name": "root",
    "gauges": {
        "Shootair.Policy.Entropy.mean": {
            "value": 2.9154818058013916,
            "min": 2.9154818058013916,
            "max": 2.9154818058013916,
            "count": 1
        },
        "Shootair.Policy.Entropy.sum": {
            "value": 26385.109375,
            "min": 26385.109375,
            "max": 26385.109375,
            "count": 1
        },
        "Shootair.Environment.EpisodeLength.mean": {
            "value": 86.01923076923077,
            "min": 86.01923076923077,
            "max": 86.01923076923077,
            "count": 1
        },
        "Shootair.Environment.EpisodeLength.sum": {
            "value": 8946.0,
            "min": 8946.0,
            "max": 8946.0,
            "count": 1
        },
        "Shootair.Step.mean": {
            "value": 209970.0,
            "min": 209970.0,
            "max": 209970.0,
            "count": 1
        },
        "Shootair.Step.sum": {
            "value": 209970.0,
            "min": 209970.0,
            "max": 209970.0,
            "count": 1
        },
        "Shootair.Policy.ExtrinsicValueEstimate.mean": {
            "value": -0.1863391399383545,
            "min": -0.1863391399383545,
            "max": -0.1863391399383545,
            "count": 1
        },
        "Shootair.Policy.ExtrinsicValueEstimate.sum": {
            "value": -19.19293212890625,
            "min": -19.19293212890625,
            "max": -19.19293212890625,
            "count": 1
        },
        "Shootair.Environment.CumulativeReward.mean": {
            "value": -0.2937625950401269,
            "min": -0.2937625950401269,
            "max": -0.2937625950401269,
            "count": 1
        },
        "Shootair.Environment.CumulativeReward.sum": {
            "value": -30.257547289133072,
            "min": -30.257547289133072,
            "max": -30.257547289133072,
            "count": 1
        },
        "Shootair.Policy.ExtrinsicReward.mean": {
            "value": -0.2937625950401269,
            "min": -0.2937625950401269,
            "max": -0.2937625950401269,
            "count": 1
        },
        "Shootair.Policy.ExtrinsicReward.sum": {
            "value": -30.257547289133072,
            "min": -30.257547289133072,
            "max": -30.257547289133072,
            "count": 1
        },
        "Shootair.Losses.PolicyLoss.mean": {
            "value": 0.2163159274919811,
            "min": 0.2163159274919811,
            "max": 0.2163159274919811,
            "count": 1
        },
        "Shootair.Losses.PolicyLoss.sum": {
            "value": 0.2163159274919811,
            "min": 0.2163159274919811,
            "max": 0.2163159274919811,
            "count": 1
        },
        "Shootair.Losses.ValueLoss.mean": {
            "value": 0.00044574325155129674,
            "min": 0.00044574325155129674,
            "max": 0.00044574325155129674,
            "count": 1
        },
        "Shootair.Losses.ValueLoss.sum": {
            "value": 0.00044574325155129674,
            "min": 0.00044574325155129674,
            "max": 0.00044574325155129674,
            "count": 1
        },
        "Shootair.Policy.LearningRate.mean": {
            "value": 0.00029378250207250003,
            "min": 0.00029378250207250003,
            "max": 0.00029378250207250003,
            "count": 1
        },
        "Shootair.Policy.LearningRate.sum": {
            "value": 0.00029378250207250003,
            "min": 0.00029378250207250003,
            "max": 0.00029378250207250003,
            "count": 1
        },
        "Shootair.Policy.Epsilon.mean": {
            "value": 0.1979275,
            "min": 0.1979275,
            "max": 0.1979275,
            "count": 1
        },
        "Shootair.Policy.Epsilon.sum": {
            "value": 0.1979275,
            "min": 0.1979275,
            "max": 0.1979275,
            "count": 1
        },
        "Shootair.Policy.Beta.mean": {
            "value": 0.029378457249999993,
            "min": 0.029378457249999993,
            "max": 0.029378457249999993,
            "count": 1
        },
        "Shootair.Policy.Beta.sum": {
            "value": 0.029378457249999993,
            "min": 0.029378457249999993,
            "max": 0.029378457249999993,
            "count": 1
        },
        "Shootair.IsTraining.mean": {
            "value": 1.0,
            "min": 1.0,
            "max": 1.0,
            "count": 1
        },
        "Shootair.IsTraining.sum": {
            "value": 1.0,
            "min": 1.0,
            "max": 1.0,
            "count": 1
        }
    },
    "metadata": {
        "timer_format_version": "0.1.0",
        "start_time_seconds": "1708025515",
        "python_version": "3.10.12 (main, Jul  5 2023, 18:54:27) [GCC 11.2.0]",
        "command_line_arguments": "/home/nico/.conda/envs/mlagents/bin/mlagents-learn configs/shootair_ppo_config.yaml --run-id=learn_shoot_ppo --torch-device cuda --resume",
        "mlagents_version": "1.0.0",
        "mlagents_envs_version": "1.0.0",
        "communication_protocol_version": "1.5.0",
        "pytorch_version": "2.1.1+cu121",
        "numpy_version": "1.21.2",
        "end_time_seconds": "1708025593"
    },
    "total": 77.47400309000022,
    "count": 1,
    "self": 0.003726173001268762,
    "children": {
        "run_training.setup": {
            "total": 0.012006765999103663,
            "count": 1,
            "self": 0.012006765999103663
        },
        "TrainerController.start_learning": {
            "total": 77.45827015099985,
            "count": 1,
            "self": 0.10656624502371415,
            "children": {
                "TrainerController._reset_env": {
                    "total": 9.967653908999637,
                    "count": 1,
                    "self": 9.967653908999637
                },
                "TrainerController.advance": {
                    "total": 67.29672315697644,
                    "count": 10090,
                    "self": 0.09870116601541667,
                    "children": {
                        "env_step": {
                            "total": 64.8489468910193,
                            "count": 10090,
                            "self": 45.33609551897371,
                            "children": {
                                "SubprocessEnvManager._take_step": {
                                    "total": 19.43905211501533,
                                    "count": 10090,
                                    "self": 0.3206006059790525,
                                    "children": {
                                        "TorchPolicy.evaluate": {
                                            "total": 19.118451509036277,
                                            "count": 9988,
                                            "self": 19.118451509036277
                                        }
                                    }
                                },
                                "workers": {
                                    "total": 0.07379925703025947,
                                    "count": 10089,
                                    "self": 0.0,
                                    "children": {
                                        "worker_root": {
                                            "total": 77.17209530102718,
                                            "count": 10089,
                                            "is_parallel": true,
                                            "self": 37.42614197298735,
                                            "children": {
                                                "run_training.setup": {
                                                    "total": 0.0,
                                                    "count": 0,
                                                    "is_parallel": true,
                                                    "self": 0.0,