{
    "name": "root",
    "gauges": {
        "Shootair.Policy.Entropy.mean": {
            "value": 4.904335021972656,
            "min": 4.899065017700195,
            "max": 4.91785192489624,
            "count": 8
        },
        "Shootair.Policy.Entropy.sum": {
            "value": 48111.52734375,
            "min": 47886.31640625,
            "max": 49890.7890625,
            "count": 8
        },
        "Shootair.Environment.EpisodeLength.mean": {
            "value": 304.5151515151515,
            "min": 247.35,
            "max": 332.46666666666664,
            "count": 8
        },
        "Shootair.Environment.EpisodeLength.sum": {
            "value": 10049.0,
            "min": 8966.0,
            "max": 10721.0,
            "count": 8
        },
        "Shootair.Step.mean": {
            "value": 979800.0,
            "min": 909995.0,
            "max": 979800.0,
            "count": 8
        },
        "Shootair.Step.sum": {
            "value": 979800.0,
            "min": 909995.0,
            "max": 979800.0,
            "count": 8
        },
        "Shootair.Policy.ExtrinsicValueEstimate.mean": {
            "value": -0.2628078758716583,
            "min": -0.29197803139686584,
            "max": -0.24538554251194,
            "count": 8
        },
        "Shootair.Policy.ExtrinsicValueEstimate.sum": {
            "value": -14.191624641418457,
            "min": -17.92267608642578,
            "max": -12.514662742614746,
            "count": 8
        },
        "Shootair.Environment.CumulativeReward.mean": {
            "value": -0.9058378652852932,
            "min": -0.9120026854546489,
            "max": -0.9004180456459936,
            "count": 8
        },
        "Shootair.Environment.CumulativeReward.sum": {
            "value": -29.892649554414675,
            "min": -39.00114906672388,
            "max": -27.272999592591077,
            "count": 8
        },
        "Shootair.Policy.ExtrinsicReward.mean": {
            "value": -0.9058378652852932,
            "min": -0.9120026854546489,
            "max": -0.9004180456459936,
            "count": 8
        },
        "Shootair.Policy.ExtrinsicReward.sum": {
            "value": -29.892649554414675,
            "min": -39.00114906672388,
            "max": -27.272999592591077,
            "count": 8
        },
        "Shootair.IsTraining.mean": {
            "value": 1.0,
            "min": 1.0,
            "max": 1.0,
            "count": 8
        },
        "Shootair.IsTraining.sum": {
            "value": 1.0,
            "min": 1.0,
            "max": 1.0,
            "count": 8
        },
        "Shootair.Losses.PolicyLoss.mean": {
            "value": 0.180794321988166,
            "min": 0.180794321988166,
            "max": 0.2033471739467738,
            "count": 4
        },
        "Shootair.Losses.PolicyLoss.sum": {
            "value": 0.180794321988166,
            "min": 0.180794321988166,
            "max": 0.2033471739467738,
            "count": 4
        },
        "Shootair.Losses.ValueLoss.mean": {
            "value": 0.012850954149810908,
            "min": 0.009986865396300951,
            "max": 0.012850954149810908,
            "count": 4
        },
        "Shootair.Losses.ValueLoss.sum": {
            "value": 0.012850954149810908,
            "min": 0.009986865396300951,
            "max": 0.012850954149810908,
            "count": 4
        },
        "Shootair.Policy.LearningRate.mean": {
            "value": 0.00025126766624411663,
            "min": 0.00025126766624411663,
            "max": 0.0002540179653273499,
            "count": 4
        },
        "Shootair.Policy.LearningRate.sum": {
            "value": 0.00025126766624411663,
            "min": 0.00025126766624411663,
            "max": 0.0002540179653273499,
            "count": 4
        },
        "Shootair.Policy.Epsilon.mean": {
            "value": 0.1837558833333333,
            "min": 0.1837558833333333,
            "max": 0.18467265,
            "count": 4
        },
        "Shootair.Policy.Epsilon.sum": {
            "value": 0.1837558833333333,
            "min": 0.1837558833333333,
            "max": 0.18467265,
            "count": 4
        },
        "Shootair.Policy.Beta.mean": {
            "value": 0.02512838941166667,
            "min": 0.02512838941166667,
            "max": 0.025403327734999995,
            "count": 4
        },
        "Shootair.Policy.Beta.sum": {
            "value": 0.02512838941166667,
            "min": 0.02512838941166667,
            "max": 0.025403327734999995,
            "count": 4
        }
    },
    "metadata": {
        "timer_format_version": "0.1.0",
        "start_time_seconds": "1711888851",
        "python_version": "3.10.12 | packaged by Anaconda, Inc. | (main, Jul  5 2023, 19:01:18) [MSC v.1916 64 bit (AMD64)]",
        "command_line_arguments": "D:\\anaconda3\\envs\\mlagents\\Scripts\\mlagents-learn configs/ppo_medium.yaml --run-id=ppo_medium_fewer_obs --env=Envs\\shootair_test.exe --num-envs=3 --torch-device=cuda --resume",
        "mlagents_version": "1.0.0",
        "mlagents_envs_version": "1.0.0",
        "communication_protocol_version": "1.5.0",
        "pytorch_version": "2.1.1+cu121",
        "numpy_version": "1.23.3",
        "end_time_seconds": "1711889895"
    },
    "total": 1043.7725721999886,
    "count": 1,
    "self": 0.008522999996785074,
    "children": {
        "run_training.setup": {
            "total": 0.27625320001970977,
            "count": 1,
            "self": 0.27625320001970977
        },
        "TrainerController.start_learning": {
            "total": 1043.4877959999721,
            "count": 1,
            "self": 1.24357618909562,
            "children": {
                "TrainerController._reset_env": {
                    "total": 7.613702000002377,
                    "count": 1,
                    "self": 7.613702000002377
                },
                "TrainerController.advance": {
                    "total": 1034.1359578108531,
                    "count": 43655,
                    "self": 0.4884780117426999,
                    "children": {
                        "env_step": {
                            "total": 1033.6474797991104,
                            "count": 43655,
                            "self": 48.07734479411738,
                            "children": {
                                "SubprocessEnvManager._take_step": {
                                    "total": 984.7726955026155,
                                    "count": 86875,
                                    "self": 6.601693699252792,
                                    "children": {
                                        "TorchPolicy.evaluate": {
                                            "total": 978.1710018033627,
                                            "count": 86621,
                                            "self": 978.1710018033627
                                        }
                                    }
                                },
                                "workers": {
                                    "total": 0.7974395023775287,
                                    "count": 43654,
                                    "self": 0.0,
                                    "children": {
                                        "worker_root": {
                                            "total": 3097.8462741990224,
                                            "count": 86869,
                                            "is_parallel": true,
                                            "self": 2830.3148391064024,
                                            "children": {
                                                "steps_from_proto": {
                                                    "total": 0.0024062999873422086,
                                                    "count": 6,